IndividualId,Gender,RaceIndex,Population Name,Organism|Volume [l],Organism|Liver|Volume [l]
0,1,4,pop_10,54.04230061,1.932156783
1,1,4,pop_10,61.2977258,1.281806248
2,1,4,pop_10,44.39078282,1.444329592
3,1,4,pop_10,53.61099397,1.522082387
4,1,4,pop_10,42.98249667,1.35293647
5,2,4,pop_10,50.49204631,1.774661681
6,2,4,pop_10,54.03716448,1.477241723
7,2,4,pop_10,64.24662733,1.605834088
8,2,4,pop_10,63.05924125,1.453901214
9,2,4,pop_10,43.53328781,1.443365791
